https://trophees-nsi.fr/,Les trophées NSI,
https://trophees-nsi.fr/,Les trophées NSI,
https://trophees-nsi.fr/participation,Les trophées NSI,
https://trophees-nsi.fr/candidature,Les trophées NSI,
https://trophees-nsi.fr/reglement,Les trophées NSI,
https://trophees-nsi.fr/resultats-2023,Les trophées NSI,
https://depot.trophees-nsi.fr,Trophés NSI - dépôt de projets,
https://www.opco-atlas.fr/,Opco Atlas | Atlas est l'opérateur de compétences des services financiers et du conseil,
https://numeum.fr/,Page d'accueil | Numeum,
https://www.cigref.fr/,"Cigref, réussir le numérique | Réseau de grandes entreprises","Réussir le numérique : Association des grandes entreprises et administrations publiques françaises, le Cigref se donne pour mission de développer leur capacité à intégrer et maîtriser le numérique."
https://talentsdunumerique.com/,Talents du Numérique,
https://femmes-numerique.fr/,,La présence des femmes dans les métiers et filières du numérique est un enjeu de défense de notre modèle social et sociétal.
https://www.aeif.fr,Association des enseignantes et enseignants d'informatique de France,
https://www.societe-informatique-de-france.fr/,Société Informatique de France - Société Informatique de France,
https://www.inria.fr/fr,Accueil | Inria,
https://www.fondation-inria.fr/,Accueil - Fondation INRIA,
https://www.cnrs.fr/fr/page-daccueil,Centre national de la recherche scientifique (CNRS),
https://www.onisep.fr/,Bloqué pour des raisons de sécurité,
http://www.cdefi.fr/,CDEFI - Conférence des Directeurs des Ecoles Françaises d'Ingénieurs,Conférence des Directeurs des Ecoles Françaises d'Ingénieurs
https://www.cge.asso.fr/,Bienvenue sur la Conférence des grandes écoles,"Créée en 1973, la Conférence des grandes écoles rassemble des Grandes écoles, des entreprises et des organismes membres..."
https://www.lefigaro.fr/,Le Figaro - Actualité en direct et informations en continu,"A la Une : Retrouvez toute l'actualité en France, à l'international, l'actualité économique et politique avec Le Figaro"
https://www.lefigaro.fr/#fig-page,Le Figaro - Actualité en direct et informations en continu,"A la Une : Retrouvez toute l'actualité en France, à l'international, l'actualité économique et politique avec Le Figaro"
https://abonnement.lefigaro.fr/abonnement-access-figaro?origine=VWH16003&ga_source=VWH16003_header_ouvert&redirect_uri=__uri__,Abonnement Access Le Figaro - vente flash,Abonnez-vous à la formule Access mensuelle du Figaro à -60% pendant 12 mois. Abonnement sans engagement.
https://recherche.lefigaro.fr/recherche/,"Rechercher un article, une information, une archive — Le Figaro","Recherchez un article, un flash actualité, une information parmi les archives du Figaro, Figaro Magazine, Figaro Vox, Figaroscope, Sport24, Figaro Madame"
https://app.adjust.com/5blsqmr,"
      âLe Figaro Cuisine on the AppÂ Store
    ","Read reviews, compare customer ratings, see screenshots, and learn more about Le Figaro Cuisine. Download Le Figaro Cuisine and enjoy it on your iPhone, iPad, and iPod touch."
https://www.lefigaro.fr/sports/jeux-olympiques,"Jeux olympiques de Paris 2024 : actualités, programmes, transports...","JO Paris 2024 : suivez l'actualité des Jeux olympiques d'été de Paris (dates, programme, médailles), vivez les grands moments de l'événement et de l'équipe de France olympique"
https://www.lefigaro.fr/politique,Le Figaro - Politique - L'actualité du gouvernement et de l'opposition,"Le Figaro - Politique - Retrouvez toute la politique du gouvernement et de l'opposition, les propositions de lois, les institutions, les députés, les candidats aux élections sur Lefigaro.fr"
https://www.lefigaro.fr/international,Le Figaro - International : Actualité internationale en direct,"Donald Trump, Syrie, Brexit... Retrouvez toute l'actualité internationale sur Le Figaro"
https://www.lefigaro.fr/actualite-france,Le Figaro - France : Toute l'actualité en France,Retrouvez toute l'actualité de la société française en direct sur Le Figaro.fr
https://www.lefigaro.fr/vox,"FigaroVox - Opinions, débats, controverses autour de l'actualité","FigaroVox, l'espace des débats politiques, d'idées, et d'actualité. Tribunes sur tous les sujets (culture, économie, histoire, medias, monde, religion, société)"
https://www.lefigaro.fr/economie,"Le Figaro Economie - Actualité économique et financière, conseils en gestion de patrimoine","Retrouvez l'actualité économique des entreprises, de la Bourse de Paris et des marchés financiers en direct, et nos conseils en gestion de patrimoine sur Lefigaro.fr"
https://www.lefigaro.fr/sports,Le Figaro Sport - Actualité sportive et matchs en direct avec Sport24,"Suivez l'actualité de vos sports favoris (football, rugby, tennis, basket, cyclisme...) et les résultats et classements en direct avec Sport24"
https://www.lefigaro.fr/culture,Le Figaro - Culture,"Culture : Retrouvez nos critiques cinéma, les pièces de théâtre, les expositions et tous les évènements culturels à venir sur le Figaro"
https://www.lefigaro.fr/voyages,"Voyage : destinations, inspirations et guides de voyage du Figaro","Hôtels, destinations, inspirations, conseils… Le Figaro Voyage vous aide à préparer vos séjours en France ou à l’étranger, que ce soit pour un week-end ou plusieurs jours"
https://www.lefigaro.fr/style,"Mode : l’actualité mode, tendances et coups de cœur du moment","Découvrez les dernières actualités mode homme et femme en vêtements, lingerie, luxe, accessoires... Ainsi que les dernières tendances de mode des plus grands créateurs du moment."
http://madame.lefigaro.fr/,"Mode, Beauté, Recettes, Société, Horoscope, Célébrités","Madame Figaro : toute l'actualité au féminin, les tendances mode, beauté, joaillerie, mariage, déco l'actu people, business et société, les meilleures recettes, et les tendances cuisine."
https://avis-vin.lefigaro.fr/,Le Figaro Vin : le guide vin pour tous - Le Figaro Vin,"Toutes les informations qu'il vous faut pour bien choisir, acheter, déguster et accompagner les vins et les champagnes"
https://video.lefigaro.fr/,"L'actualité en vidéo sur Figaro Live : politique, éco, international, culture…","Les vidéos d'actualité politique, économique, internationale et culturelle et des émissions hebdomadaire à visionner sur Figaro Live."
https://www.lefigaro.fr/lefigaromagazine,Le Figaro Magazine : Actualité du journal,Le Figaro Magazine : retrouvez toute l'actualité
https://www.lefigaro.fr/dossier/la-verification,"La vérification : approximations, erreurs... Le Figaro passe l'actualité au crible","Dans le flux de l’actualité viennent se glisser demi-vérités, vrais et faux semblants, mensonges, gros ou petits. Pour démêler le vrai du faux, retrouvez dans ce dossier l’ensemble de nos vérifications."
https://etudiant.lefigaro.fr/,"Le Figaro Etudiant : Actualité, Conseils pour bien s'orienter","Toute l'actualité étudiante sur Le Figaro Etudiant traitant du collège et du lycée, d'études supérieures, de vie étudiante, de 1er emploi et du BAC"
https://www.lefigaro.fr/faits-divers,Le Figaro - Faits divers et faits de société : crimes et délits en France et dans le monde,"Suivez l'actualité des faits divers dans toute la France (Paris, Marseille, Lyon, Toulouse...) et dans le monde. Retrouvez, en direct et en vidéo, les informations, enquêtes et procès sur les violences, vols, disparitions et meurtres."
http://sante.lefigaro.fr/,Le Figaro Santé - Actualité santé - Fiches et conseils médicaux,"L'actualité santé avec le guide des médicaments, les fiches santé (maladie, grossesse...), les conseils médicaux et astuces pour rester en bonne santé !"
https://www.lefigaro.fr/sciences,"Le Figaro - Sciences & Environnement : Actualité scientifique, ecologie","Sciences & Environnement : Retrouvez toute l'actualité des sciences, de l'astronomie, de l'écologie, de la zoologie, des sciences humaines sur Le Figaro"
https://www.lefigaro.fr/dossier/fig-data-infographies-datavisualisation,FIG DATA : l'info en données,Retrouvez sur cette page les enquêtes et simulateurs «Data» du Figaro
https://www.lefigaro.fr/secteur/high-tech,"Actualités High Tech, nouveautés Web & mobile par Le Figaro","High-Tech : Retrouvez l'actualité du web, high-tech, nouvelles technologies, jeux vidéos, réseaux sociaux, blog smartphone, iphone, sur Le Figaro"
https://bourse.lefigaro.fr/,Actualité Bourse & Conseils pour Investir - Le Figaro Bourse,"Toute l'info bourse et l'actualité des marchés financiers en temps réel. Suivez l'actualité économique et le cours de la bourse pour mieux investir (CAC40, Dow Jones, Nasdaq, Nikkei, etc) avec nos conseils d'experts."
https://immobilier.lefigaro.fr/actualites,Figaro Immobilier : Actualités & conseils,"Retrouvez toute l’actualité et les conseils de l’immobilier. De l’installation à la gestion de votre patrimoine immobilier, en passant par la culture et les tendances."
https://emploi.lefigaro.fr/,"Figaro Emploi : Offres d’emploi, Conseils et Actualités, Alertes, CV…",Cherchez et trouvez votre futur poste parmi +300 000 offres d’emploi en ligne. Créez des alertes mail. Créez votre CV en ligne gratuitement. Inspirez-vous de nos conseils d’experts qui vous accompagnent dans votre recherche.
https://www.lefigaro.fr/lifestyle,"Le Figaro Lifestyle - Tendance, sortie, voyage et automobile","L'actualité lifestyle, découvrez nos conseils sorties et gastronomie, les nouveautés automobiles, les plus beaux voyages. L'art de vivre au masculin comme au féminin."
https://www.lefigaro.fr/automobile,"Le Figaro - Automobile : Essais et tests, dernières voitures et derniers modèles","Automobile : Retrouvez tous les comparatifs autos, les essais et test des derniers modèles et des dernières voitures et les accessoires automobiles sur Le Figaro"
https://www.lefigaro.fr/langue-francaise,"Langue Française - Actualité des mots, dictée et test de français","Retrouvez la rubrique langue française : les analyses des plus grands écrivains, des dictées gratuites, des quiz sur les mots et expressions courantes."
http://golf.lefigaro.fr/,"Actu golf, résultats complets et classements en direct - Le Figaro Golf","Toute l'actualité du golf, les scores en direct de la Ryder Cup 2018, Tour européen, PGA Tour, Ladies European Tour...et le classement mondial de golf."
https://www.lefigaro.fr/histoire,Le Figaro - Histoire,"Avec Le Figaro Histoire redécouvrez l'histoire française, l'histoire du monde, à travers les événements, rétrospectives, dossiers spéciaux historiques"
https://tvmag.lefigaro.fr,Programme TV : Tout le Programme Télé des chaînes – TV Magazine.,"Retrouvez le Programme TV de toutes les chaînes TNT, Câble et Satellite ainsi que toute l'actu de la Télé, des Séries, des People et de la Télé-Réalité."
https://tvmag.lefigaro.fr/programme-tv,Programme TV : votre programme télé toutes chaînes par TV Mag,"Retrouvez le Programme TV, les émissions diffusées en ce moment et ce soir de toutes les chaînes TNT, Box, Câble et Satellite. Tous les films, séries, documentaires..."
https://www.lefigaro.fr/maison-et-jardin,"Découvrez les conseils et tendances maison, jardin et animaux","L'actualité de votre domicile : de l'aménagement de votre maison aux plus jolies plantes pour votre jardin, en passant par les conseils pour vos animaux"
http://evene.lefigaro.fr/,Citation : les meilleures citations et proverbes célèbres,"Les meilleures citations, proverbes et dictons sont à découvrir classés par auteur, thématique ou événement. Découvrez la citation du jour, les célébrités citées, les plus belles phrases sur l'amour ou le bonheur…"
https://jeux.lefigaro.fr/,Jeux gratuits en ligne : Retrouvez vos jeux en ligne préférés,"Le Figaro jeux vous propose les meilleurs jeux gratuits en ligne : jeux de lettres, jeux de chiffres et encore plein d'autre jeux gratuits"
https://www.lefigaro.fr/carnetdujour,Le Figaro - Carnet du jour,"Retrouvez l'ensemble des faire-part et des avis de décès écrits par les lecteurs du Figaro et parus dans le journal. Proposez votre annonce de mariage, de naissance ou d'anniversaire."
https://guide-achat.lefigaro.fr/,Guides d'achat : Avis et conseils pour bien choisir vos produits,"Besoin d'un nouveau smartphone, d'une tv ou de conseils pour choisir une poussette ? Nos guides d'achat sont là pour vous aider à faire le meilleur choix !"
https://www.lefigaro.fr/services,"Le Figaro Services – Retrouvez nos bons plans, exclusivités, promos…","Partagez l'information avec les services du Figaro : newsletter, mobiles, Facebook, Twitter, RSS, Widgets. Abonnez-vous. Passez ou répondez à une annonce. Explorez la Galerie photo."
https://billetterie.lefigaro.fr,"    Le Figaro - Billetterie Spectacles
","    Achat de billets et places de spectacles, théâtre, humour, concerts ou loisirs partout en France. Réservation avec plan de salle interactif, e-billet.
"
https://podcasts.lefigaro.fr,LeFigaro -  Les Podcasts du Figaro - Podcast,"Politique, Philosophie, Histoire, Culture, Lifestyle et divertissement retrouvez tous les contenus audio du Figaro sur son espace podcasts"
https://www.lefigaro.fr/dossier/les-questions-du-jour-du-figaro,La question du jour,Oui ou non? À vous de voter! Donnez votre avis et découvrez celui des autres internautes en répondant à la question du jour. Les résultats sont publiés sur la première page de notre quotidien Le Figaro.Vous retrouverez également sur cette page les autres questions posées par la rédaction...
https://boutique.lefigaro.fr,Le Figaro Store - La boutique officielle du Groupe Figaro,Le Figaro Store - La boutique officielle du Groupe Figaro
https://lesvoyagesf.lefigaro.fr,"Séjour au Mexique | Voyage exclusif avec les Voyages F
 | Les Voyages F.","Découvrez le Mexique
"
